Creator,Location
ali debbache,Algeria
abdou guerguer,Algeria
nan,Algeria
elfelah,Algeria
mohamed boudelaa,Algeria
amina daoud,Algeria
ahmane oussama,Algeria
youcef benslimani,Algeria
boutheyna kirouni,Algeria
ilies ould menouer,Algeria
abonidal,Algeria
kohort,Algeria
nojoom.ai,Algeria
techdigit-z,Algeria
agro.ia,Angola
gabriel vieira,Angola
nerdbug,Angola
jos√© travacio,Argentina
hypecat ai,Argentina
alfonsom0 | web developer,Argentina
snapverse,Argentina
miiweb,Argentina
bartolomeo gonzalez,Argentina
pablo salamendi,Argentina
lorean team,Argentina
wumbox,Argentina
juan ignacio llaberia,Argentina
sector-7g-animas,Argentina
alex dainiak,Armenia
ai arena,Armenia
narek,Armenia
one-minute-changelog.com,Armenia
simon hanly-jones,Australia
checkr bot,Australia
clarify,Australia
justin mcardle,Australia
techfren,Australia
kori jacobsen,Australia
team believers,Australia
codeblossoms,Australia
easy apply,Australia
booolean,Australia
fetebird,Australia
fortograph,Australia
zhenya yang,Australia
holopaws,Australia
sun chasers,Australia
ortege,Australia
pack pet health,Australia
recime.ai,Australia
