Application,Creator
Davv AI,ali debbache
Davv AI,abdou guerguer
DDMD,nan
Elfelah,elfelah
FormBlueprint,mohamed boudelaa
FormBlueprint,amina daoud
GeoGemini,ahmane oussama
InteractiveLearning,youcef benslimani
Khalili,boutheyna kirouni
Khalili,ilies ould menouer
Moadalaty,abonidal
Nogap,kohort
Nojoom.AI,nojoom.ai
smartchatbot,techdigit-z
agro.ia,agro.ia
Tchissola,gabriel vieira
The Riddle Of Wisdom,nerdbug
Abuelo GPT,josé travacio
Chess Commander,hypecat ai
Game Master AI,alfonsom0 | web developer
Gemi Slice | Gemini Snippet on Search ✨,snapverse
Gemini AI Book Capture,miiweb
GeminiSH,nan
IADA,bartolomeo gonzalez
Kind Konnect,pablo salamendi
Lorean,lorean team
Luminaria,wumbox
PrepAI,juan ignacio llaberia
Severus,sector-7g-animas
A10fy,alex dainiak
AI Arena,ai arena
Gemifood,narek
One minute changelog,one-minute-changelog.com
Backyard Safari,simon hanly-jones
Checkr Bot,checkr bot
Clarify,clarify
Class Planner,justin mcardle
Clickolas Cage,techfren
Companion 1,kori jacobsen
Discipleship Journey,team believers
doggle,codeblossoms
Easy Apply,easy apply
EduQuiz,booolean
Fetebird,fetebird
Fortograph,fortograph
Gemini Voice Companion,zhenya yang
Holopaws,holopaws
Karna,sun chasers
My Espresso,nan
Ortege Blocksmith,ortege
Pack Pet Health,pack pet health
ReciMe,recime.ai
